Program,College,Fall Status,Winter Status,Spring Status
Advanced Health Care Leadership • AHCT,Toronto,Closed,Closed,Open
Advanced Photography • APPS,Sarnia,Closed,n/a,n/a
Advanced Project Management - Environmental • PMES,Sarnia,Closed,n/a,n/a
Advanced Project Management - Information Technology • PMIT,Toronto,Closed,Closed,Open
Advanced Project Management & Strategic Leadership • PMLS,Sarnia,Closed,n/a,Open
Advanced Project Management & Strategic Leadership • PMLM,Mississauga,Closed,Closed,Open
Advanced Project Management & Strategic Leadership • PMLT,Toronto,Closed,Closed,Open
Agri-Business Management • AGBS,Sarnia,Closed,n/a,n/a
Applied Manufacturing Management - Advanced Materials Processing • AMMS,Sarnia,Closed,n/a,Open
Artificial Intelligence & Machine Learning • AIMT,Toronto,Closed,Closed,Open
Big Data Analytics • DSMM,Mississauga,Closed,Closed,Open
Biomaterials & Chemical Laboratory Analysis - Applied Science • BCAS,Sarnia,Closed,Closed,n/a
Border Services • PSIB,Sarnia,Closed,n/a,n/a
Business • BUSN,Sarnia,Closed,n/a,n/a
Business • BSNT,Toronto,Closed,Closed,Open
Business - Accounting • ACTG,Sarnia,Closed,n/a,n/a
Business Administration • BGEN,Sarnia,Closed,n/a,n/a
Business Administration - Accounting • BACC,Sarnia,Closed,n/a,n/a
Business Analytics • BAMM,Mississauga,Closed,Closed,Open
Business Management  • BMAN,Sarnia,Closed,Closed,Open
Business Management  • BMAT,Toronto,Closed,Closed,Open
Business Management - Human Resources • BMHR,Sarnia,Closed,n/a,n/a
Business Management - Human Resources • BMHM,Mississauga,n/a,n/a,n/a
Business Management - Human Resources • BMHT,Toronto,Closed,Closed,Open
Business Management - International Business • BMIB,Sarnia,Closed,Closed,Open
Business Management - International Business • BMIM,Mississauga,Closed,Closed,Open
Canadian Culinary Operations • CCOS,Sarnia,Closed,n/a,n/a
"Cannabis, Natural Health Products & Biomaterials – Applied Science • CNHP",Sarnia,Closed,n/a,n/a
Chemical Laboratory Analysis • LAQT,Toronto,Closed,Closed,Open
Chemical Laboratory Technician • CLAB,Sarnia,Closed,n/a,n/a
Chemical Laboratory Technology • CTEC,Sarnia,Closed,n/a,n/a
Chemical Production & Power Engineering Technology • CPET,Sarnia,Closed,n/a,n/a
Chemical Production & Power Engineering Technology - Accelerated • CPEX,Sarnia,Closed,n/a,n/a
Child & Youth Care • CYCP,Sarnia,Closed,n/a,n/a
Cloud Computing for Big Data • CCBT,Toronto,n/a,n/a,n/a
Communicative Disorders Assistant • CDAS,Sarnia,Closed,n/a,n/a
Computer Programmer • CPCM,Mississauga,Closed,Closed,Open
Computer Programmer • CPCT,Toronto,Closed,Closed,Open
Computer Software & Database Development • CSAC,Sarnia,n/a,n/a,n/a
Computer Software & Database Development • CSAM,Mississauga,n/a,n/a,n/a
Computer Software & Database Development • CSAT,Toronto,n/a,n/a,n/a
Construction Carpentry Techniques • CACT,Sarnia,Closed,n/a,n/a
Construction Project Management • CPMT,Toronto,Closed,Closed,Open
Culinary Management • CULX,Sarnia,Waitlisted,n/a,n/a
Cyber Infrastructure Specialist • CISC,Sarnia,Closed,n/a,n/a
Cyber Security & Computer Forensics • CSFM,Mississauga,Closed,Closed,Open
Developmental Services Worker • DSWP,Sarnia,Closed,n/a,n/a
DevOps for Cloud Computing • DOCT,Toronto,Closed,Closed,Open
Early Childhood Education • ECEP,Sarnia,Closed,n/a,n/a
eLearning Design & Training Development • ETIS,Sarnia,Closed,n/a,n/a
eLearning Design & Training Development • ETDM,Mississauga,n/a,n/a,n/a
Electrical Power Distribution & Control Technician • PDCT,Sarnia,Closed,n/a,n/a
Electrical Techniques • ELTC,Sarnia,Closed,n/a,n/a
English as a Second Language • EASL,Sarnia,n/a,n/a,n/a
English as a Second Language • ESLT,Toronto,Open,Open,n/a
Environmental Technician - Water & Wastewater Systems Operations • EWSO,Sarnia,Closed,n/a,n/a
Esports Entrepreneurship & Administration • ESEA,Sarnia,Closed,n/a,n/a
Esports Management • ESMS,Sarnia,n/a,n/a,n/a
Esthetician • ESTH,Sarnia,Closed,n/a,n/a
Financial Planning & Wealth Management • FPWS,Sarnia,Closed,n/a,n/a
Financial Planning & Wealth Management • FPWT,Toronto,Closed,Closed,Open
Financial Services - Investigation & Compliance • FSIT,Toronto,Closed,Closed,Open
Food Safety & Quality Assurance Management • FSQS,Sarnia,Closed,n/a,n/a
Food Safety & Quality Assurance Management • FSQT,Toronto,Closed,Closed,Open
Full Stack Software Development • FSDS,Sarnia,Closed,n/a,n/a
Full Stack Software Development • FSDM,Mississauga,Closed,Closed,Open
Full Stack Software Development • FSDT,Toronto,Closed,Closed,Open
Hairstylist • HSTY,Sarnia,Closed,n/a,n/a
"Heating, Refrigeration & Air Conditioning Technician • HVAC",Sarnia,Closed,n/a,n/a
Hospitality Management (Co-op) • HMAN,Sarnia,Closed,n/a,n/a
Hotel & Resort Management • HRMM,Mississauga,Closed,Closed,Open
Instrumentation & Control Engineering Technician - Industrial Automation • ICTN,Sarnia,Closed,n/a,n/a
Instrumentation & Control Engineering Technology - Industrial Automation • ICET,Sarnia,Closed,n/a,n/a
Instrumentation & Control Engineering Technology - Industrial Automation - Accelerated • ICTX,Sarnia,Closed,n/a,n/a
International Business • BINM,Mississauga,Closed,Closed,Open
International Training for English Teaching Professionals • IETS,Sarnia,n/a,n/a,n/a
Interprofessional Practice - Gerontology • IPGS,Sarnia,Closed,n/a,n/a
Liberal Studies • LIBS,Sarnia,Closed,n/a,n/a
Marketing Management - Digital Media • MMDT,Toronto,Closed,Closed,Open
Marketing Management - Professional Sales • MMPT,Toronto,Closed,Closed,Open
Massage Therapy • MSTC,Sarnia,Suspended,n/a,n/a
Millwright Mechanical Technician • MTIM,Sarnia,Closed,n/a,n/a
Mobile Application Design & Development • MADT,Toronto,Closed,n/a,n/a
Occupational Health & Safety Management • OHSS,Sarnia,Closed,n/a,n/a
Occupational Health & Safety Management • OHST,Toronto,Closed,Closed,Open
Occupational Therapist Assistant & Physiotherapist Assistant • OPTA,Sarnia,Closed,n/a,n/a
Office Administration - Executive • OAEX,Sarnia,Closed,n/a,n/a
Office Administration - General • OAGN,Sarnia,Closed,n/a,n/a
Office Administration - Health Services • OAHS,Sarnia,Closed,n/a,n/a
Personal Support Worker • PSWK,Sarnia,Closed,n/a,n/a
Pharmacy Technician • PHRM,Sarnia,Closed,n/a,n/a
Photography • PHTG,Sarnia,Closed,n/a,n/a
Police Foundations • PFND,Sarnia,Closed,n/a,n/a
Power Engineering Technician • PETN,Sarnia,Closed,n/a,n/a
Power Engineering Technology • PETC,Sarnia,Closed,n/a,n/a
Process Piping Design • PPDS,Sarnia,Suspended,n/a,Suspended
"Protection, Security & Investigation • PSIP",Sarnia,Closed,n/a,n/a
Quality Engineering Management • QEMS,Sarnia,Closed,n/a,Open
Quality Engineering Management • QEMT,Toronto,Closed,Closed,Open
Recreation Therapy • TREC,Sarnia,Closed,n/a,n/a
Recreation Therapy • TREM,Mississauga,Closed,Closed,Open
Renovation Construction Technician • RENT,Sarnia,Closed,n/a,n/a
Social Service Worker • SSWK,Sarnia,Closed,n/a,n/a
Sports & Recreation Management • SRAM,Sarnia,Closed,n/a,Closed
Sports Business Management • SBMS,Sarnia,Closed,n/a,n/a
Supply Chain Management • SCMM,Mississauga,Closed,Closed,Open
Supply Chain Management • SCMT,Toronto,Closed,Closed,Open
Therapeutic Recreation • TRPM,Mississauga,Closed,Closed,Open
Tourism – Operations Management (Co-op) • TMAN,Sarnia,Closed,n/a,n/a
Tourism – Operations Management (Co-op) • TMAM,Mississauga,Closed,Closed,Open
Welding Techniques • WELD,Sarnia,Closed,n/a,n/a
Wireless Networking • WNEM,Mississauga,Closed,Closed,Open
Workplace Safety & Prevention • WSPP,Sarnia,Closed,n/a,n/a
